{
  "project_info": {
    "project_number": "62937703564",
    "firebase_url": "https://mobility-services-app.firebaseio.com",
    "project_id": "mobility-services-app",
    "storage_bucket": "mobility-services-app.appspot.com"
  },
  "client": [
    {
      "client_info": {
        "mobilesdk_app_id": "1:62937703564:android:9e274e63c07edc340987a9",
        "android_client_info": {
          "package_name": "com.example.mobility_services_app"
        }
      },
      "oauth_client": [
        {
          "client_id": "62937703564-9dbvrmbn218fqn7hpgnibl1l3t9n66nf.apps.googleusercontent.com",
          "client_type": 3
        }
      ],
      "api_key": [
        {
          "current_key": "AIzaSyCFfw66u7ySIYjPZ1jd8T-8c_9AzM93bGY"
        }
      ],
      "services": {
        "appinvite_service": {
          "other_platform_oauth_client": [
            {
              "client_id": "62937703564-9dbvrmbn218fqn7hpgnibl1l3t9n66nf.apps.googleusercontent.com",
              "client_type": 3
            }
          ]
        }
      }
    }
  ],
  "configuration_version": "1"
}